-- phpMyAdmin SQL Dump
-- version 5.2.1
-- https://www.phpmyadmin.net/
--
-- Host: 127.0.0.1:3306
-- Tempo de geração: 31/10/2024 às 19:00
-- Versão do servidor: 8.3.0
-- Versão do PHP: 8.2.18

SET SQL_MODE = "NO_AUTO_VALUE_ON_ZERO";
START TRANSACTION;
SET time_zone = "+00:00";


/*!40101 SET @OLD_CHARACTER_SET_CLIENT=@@CHARACTER_SET_CLIENT */;
/*!40101 SET @OLD_CHARACTER_SET_RESULTS=@@CHARACTER_SET_RESULTS */;
/*!40101 SET @OLD_COLLATION_CONNECTION=@@COLLATION_CONNECTION */;
/*!40101 SET NAMES utf8mb4 */;

--
-- Banco de dados: `univesttechexperience`
--

-- --------------------------------------------------------

--
-- Estrutura para tabela `aluno`
--

DROP TABLE IF EXISTS `aluno`;
CREATE TABLE IF NOT EXISTS `aluno` (
  `id` varchar(36) NOT NULL,
  `nome` varchar(100) NOT NULL,
  `idade` int NOT NULL,
  `presenca` int NOT NULL,
  `notaOficial` int NOT NULL,
  `notaParcial` int NOT NULL,
  `atividadesEmSala` int NOT NULL,
  `atividadesExtracurriculares` int NOT NULL,
  `semestreId` varchar(36) NOT NULL,
  `disciplinaId` varchar(36) NOT NULL,
  PRIMARY KEY (`id`),
  UNIQUE KEY `aluno_id_key` (`id`),
  KEY `aluno_semestreId_fkey` (`semestreId`),
  KEY `aluno_disciplinaId_fkey` (`disciplinaId`)
) ENGINE=MyISAM DEFAULT CHARSET=utf8mb4 COLLATE=utf8mb4_0900_ai_ci;

--
-- Despejando dados para a tabela `aluno`
--

INSERT INTO `aluno` (`id`, `nome`, `idade`, `presenca`, `notaOficial`, `notaParcial`, `atividadesEmSala`, `atividadesExtracurriculares`, `semestreId`, `disciplinaId`) VALUES
('ec82549d-9b5d-4532-86b1-90291bfe9f21', 'Aluno 2', 30, 17, 2, 7, 10, 5, 'c6f20ee0-8369-4ce1-82ff-833b0483f4e3', '9ab80373-6829-4e51-9931-a3df93a1ff7c'),
('1a53efab-37a9-44a8-8389-afce6fe1003b', 'Aluno 5', 20, 22, 2, 1, 8, 6, 'c6f20ee0-8369-4ce1-82ff-833b0483f4e3', '9ab80373-6829-4e51-9931-a3df93a1ff7c'),
('d165e5e7-12cc-46f8-ba09-91f6d51740e1', 'Aluno 6', 24, 2, 3, 8, 16, 5, 'c6f20ee0-8369-4ce1-82ff-833b0483f4e3', '9ab80373-6829-4e51-9931-a3df93a1ff7c'),
('da912f29-ceec-4e46-9cf9-ddfe9516106c', 'Aluno 3', 21, 27, 8, 8, 18, 9, 'c6f20ee0-8369-4ce1-82ff-833b0483f4e3', '9ab80373-6829-4e51-9931-a3df93a1ff7c'),
('113d93be-2c6b-47c9-9b35-89890a950029', 'Aluno 17', 24, 52, 3, 8, 11, 3, 'c6f20ee0-8369-4ce1-82ff-833b0483f4e3', '9ab80373-6829-4e51-9931-a3df93a1ff7c'),
('84a2cc81-fbe2-4fca-8f6e-b9a049492098', 'Aluno 18', 30, 10, 3, 4, 2, 7, 'c6f20ee0-8369-4ce1-82ff-833b0483f4e3', '9ab80373-6829-4e51-9931-a3df93a1ff7c'),
('4e5f0666-ddea-4f8c-8a4a-98b77c0c2cbc', 'Aluno 53', 20, 28, 10, 9, 18, 0, '9a44bb21-6b9d-410f-8017-68eb6b4f54db', '6112a1c7-56ba-44e5-ad91-30e25566bdf3'),
('22c9b100-4e65-4392-b780-373458332b8e', 'Aluno 4', 19, 16, 6, 10, 1, 0, 'c6f20ee0-8369-4ce1-82ff-833b0483f4e3', '9ab80373-6829-4e51-9931-a3df93a1ff7c'),
('aea80fe8-d559-42e3-bc4b-dae62c457b6f', 'Aluno 7', 21, 12, 9, 4, 7, 8, 'c6f20ee0-8369-4ce1-82ff-833b0483f4e3', '9ab80373-6829-4e51-9931-a3df93a1ff7c'),
('a854c8ac-7b4f-40f7-b45c-45ef4791aea9', 'Aluno 8', 22, 33, 9, 6, 10, 1, 'c6f20ee0-8369-4ce1-82ff-833b0483f4e3', '9ab80373-6829-4e51-9931-a3df93a1ff7c'),
('bdee56c2-0cc1-487f-95bf-8af50f673dd2', 'Aluno 54', 26, 27, 4, 1, 1, 1, '9a44bb21-6b9d-410f-8017-68eb6b4f54db', '6112a1c7-56ba-44e5-ad91-30e25566bdf3'),
('92628e40-03cb-413c-ad9f-356afa8eb36c', 'Aluno 85', 26, 14, 8, 10, 12, 10, '98783136-9743-40fb-b4c7-b2f4ac44f555', '1f0acf90-10bd-4154-ac74-3c31a43b7b24'),
('7413ec38-7da6-4ddb-be74-39c52e36bad9', 'Aluno 86', 21, 18, 4, 10, 18, 9, '98783136-9743-40fb-b4c7-b2f4ac44f555', '1f0acf90-10bd-4154-ac74-3c31a43b7b24'),
('7f26bb58-6fa9-4638-ba59-20d20025c050', 'Aluno 113', 25, 39, 1, 1, 3, 10, 'a34ba272-4c5e-4a17-96b1-64c9bdc9e370', '7e8f2448-8a10-4445-9d45-a78931f57890'),
('98e24d30-a5f1-4283-b98c-4dd438240a1c', 'Aluno 19', 20, 8, 5, 7, 12, 3, 'c6f20ee0-8369-4ce1-82ff-833b0483f4e3', '9ab80373-6829-4e51-9931-a3df93a1ff7c'),
('175bac39-7944-479f-bbb9-113318657488', 'Aluno 20', 20, 50, 8, 10, 7, 3, 'c6f20ee0-8369-4ce1-82ff-833b0483f4e3', '9ab80373-6829-4e51-9931-a3df93a1ff7c'),
('8b6215a9-294d-4588-b216-b4827242acbe', 'Aluno 87', 20, 19, 10, 0, 19, 4, '98783136-9743-40fb-b4c7-b2f4ac44f555', '1f0acf90-10bd-4154-ac74-3c31a43b7b24'),
('a4acd381-8ee6-4013-ae5b-b4648bd74b2d', 'Aluno 88', 19, 4, 7, 0, 17, 9, '98783136-9743-40fb-b4c7-b2f4ac44f555', '1f0acf90-10bd-4154-ac74-3c31a43b7b24'),
('68776be8-a343-4866-bd08-80e66724f695', 'Aluno 55', 23, 22, 2, 1, 12, 4, '9a44bb21-6b9d-410f-8017-68eb6b4f54db', '6112a1c7-56ba-44e5-ad91-30e25566bdf3'),
('1717f816-03d3-4c7b-8ac1-8a3c26e8c614', 'Aluno 21', 22, 36, 7, 4, 0, 7, 'c6f20ee0-8369-4ce1-82ff-833b0483f4e3', '9ab80373-6829-4e51-9931-a3df93a1ff7c'),
('f59e8533-34bd-46b0-b275-68c16c415280', 'Aluno 11', 23, 25, 10, 9, 15, 0, 'c6f20ee0-8369-4ce1-82ff-833b0483f4e3', '9ab80373-6829-4e51-9931-a3df93a1ff7c'),
('9d7f0199-4dd8-4917-bf9e-6f22d938a7b4', 'Aluno 12', 24, 18, 6, 4, 20, 8, 'c6f20ee0-8369-4ce1-82ff-833b0483f4e3', '9ab80373-6829-4e51-9931-a3df93a1ff7c'),
('bb877c29-bd55-45de-8393-2b03f1d9d7f3', 'Aluno 13', 30, 6, 9, 3, 2, 6, 'c6f20ee0-8369-4ce1-82ff-833b0483f4e3', '9ab80373-6829-4e51-9931-a3df93a1ff7c'),
('40dfd566-f362-4c2d-89ad-d9a708756c11', 'Aluno 137', 25, 17, 5, 10, 0, 5, '38fe74bf-259f-47fd-a22f-0778eb8fb782', '3455c337-69e3-402c-af70-3c0d4595435a'),
('524648a5-9219-482c-b0bb-bc4d1b9cc124', 'Aluno 138', 30, 11, 7, 1, 18, 9, '38fe74bf-259f-47fd-a22f-0778eb8fb782', '3455c337-69e3-402c-af70-3c0d4595435a'),
('0095ccf9-8c7b-47d6-bae1-1435f4d44917', 'Aluno 22', 27, 16, 5, 4, 1, 2, 'c6f20ee0-8369-4ce1-82ff-833b0483f4e3', '9ab80373-6829-4e51-9931-a3df93a1ff7c'),
('0e162047-5300-4292-93c6-98e29d7ec519', 'Aluno 23', 30, 0, 4, 10, 6, 10, 'c6f20ee0-8369-4ce1-82ff-833b0483f4e3', '9ab80373-6829-4e51-9931-a3df93a1ff7c'),
('cf832b22-22f2-4523-b4ff-a795d8ab5512', 'Aluno 114', 25, 43, 7, 1, 8, 1, 'a34ba272-4c5e-4a17-96b1-64c9bdc9e370', '7e8f2448-8a10-4445-9d45-a78931f57890'),
('b1354058-648d-4399-8322-ecd5a6931fe5', 'Aluno 115', 18, 8, 3, 2, 20, 9, 'a34ba272-4c5e-4a17-96b1-64c9bdc9e370', '7e8f2448-8a10-4445-9d45-a78931f57890'),
('c0091a4d-9e78-434f-b0b4-e3b09e25173f', 'Aluno 116', 22, 44, 10, 8, 11, 8, 'a34ba272-4c5e-4a17-96b1-64c9bdc9e370', '7e8f2448-8a10-4445-9d45-a78931f57890'),
('0997423e-7e9e-485a-b90b-786481134c3b', 'Aluno 117', 18, 54, 1, 7, 8, 3, 'a34ba272-4c5e-4a17-96b1-64c9bdc9e370', '7e8f2448-8a10-4445-9d45-a78931f57890'),
('d42dd7a6-33aa-4c9e-be78-8808afade2a3', 'Aluno 118', 18, 9, 1, 6, 18, 6, 'a34ba272-4c5e-4a17-96b1-64c9bdc9e370', '7e8f2448-8a10-4445-9d45-a78931f57890'),
('dd02ff7b-4c6d-4c45-a748-124c6b084e5b', 'Aluno 119', 27, 26, 6, 1, 18, 7, 'a34ba272-4c5e-4a17-96b1-64c9bdc9e370', '7e8f2448-8a10-4445-9d45-a78931f57890'),
('3d8f5ded-ab2a-4583-90a9-e4222006e294', 'Aluno 89', 26, 5, 6, 7, 0, 10, '98783136-9743-40fb-b4c7-b2f4ac44f555', '1f0acf90-10bd-4154-ac74-3c31a43b7b24'),
('99014955-4f9c-4db4-a994-fd7f64eb4bd2', 'Aluno 90', 22, 16, 5, 6, 7, 3, '98783136-9743-40fb-b4c7-b2f4ac44f555', '1f0acf90-10bd-4154-ac74-3c31a43b7b24'),
('2a2d6d89-e384-41af-9cdf-6b04b8a299db', 'Aluno 91', 30, 52, 0, 9, 19, 4, 'a34ba272-4c5e-4a17-96b1-64c9bdc9e370', '7e8f2448-8a10-4445-9d45-a78931f57890'),
('1b45b2d4-b9f1-4721-9d19-25a5531e6308', 'Aluno 92', 30, 54, 9, 6, 9, 8, 'a34ba272-4c5e-4a17-96b1-64c9bdc9e370', '7e8f2448-8a10-4445-9d45-a78931f57890'),
('3c724c1f-8bb6-4b0d-a4f4-fa7419004d1e', 'Aluno 93', 26, 11, 6, 6, 18, 6, 'a34ba272-4c5e-4a17-96b1-64c9bdc9e370', '7e8f2448-8a10-4445-9d45-a78931f57890'),
('7fb5dcbf-b469-4dd3-a320-66b42dc40b7e', 'Aluno 94', 19, 10, 2, 10, 2, 6, 'a34ba272-4c5e-4a17-96b1-64c9bdc9e370', '7e8f2448-8a10-4445-9d45-a78931f57890'),
('22d4472f-3987-418d-b888-d5751f8deb1d', 'Aluno 95', 30, 32, 1, 9, 16, 6, 'a34ba272-4c5e-4a17-96b1-64c9bdc9e370', '7e8f2448-8a10-4445-9d45-a78931f57890'),
('040c85ff-e3f8-47bb-a7ab-6d6555010955', 'Aluno 139', 25, 1, 6, 10, 20, 0, '38fe74bf-259f-47fd-a22f-0778eb8fb782', '3455c337-69e3-402c-af70-3c0d4595435a'),
('fe441050-905d-4f45-8db9-e8efb35c6b5f', 'Aluno 140', 26, 10, 1, 3, 18, 10, '38fe74bf-259f-47fd-a22f-0778eb8fb782', '3455c337-69e3-402c-af70-3c0d4595435a'),
('479764b3-0f82-482a-816c-d195fc84469f', 'Aluno 141', 27, 6, 6, 4, 3, 4, '38fe74bf-259f-47fd-a22f-0778eb8fb782', '3455c337-69e3-402c-af70-3c0d4595435a'),
('3232c061-3d56-47ae-881d-02a1aa831731', 'Aluno 96', 27, 9, 4, 0, 1, 9, 'a34ba272-4c5e-4a17-96b1-64c9bdc9e370', '7e8f2448-8a10-4445-9d45-a78931f57890'),
('d77d1c27-be37-4c86-8416-e4094765f8b5', 'Aluno 97', 22, 24, 7, 9, 4, 5, 'a34ba272-4c5e-4a17-96b1-64c9bdc9e370', '7e8f2448-8a10-4445-9d45-a78931f57890'),
('e3516ff4-ae73-4709-a7dd-b5bed4441c44', 'Aluno 24', 25, 23, 6, 6, 3, 3, 'c6f20ee0-8369-4ce1-82ff-833b0483f4e3', '9ab80373-6829-4e51-9931-a3df93a1ff7c'),
('60f73fb7-e0ee-4e55-b9f6-7fa5c583f3f0', 'Aluno 25', 27, 35, 10, 9, 18, 3, 'c6f20ee0-8369-4ce1-82ff-833b0483f4e3', '9ab80373-6829-4e51-9931-a3df93a1ff7c'),
('ee7b176a-4c2a-46b9-8a44-c09a19b7cc8e', 'Aluno 26', 21, 55, 4, 9, 14, 1, 'c6f20ee0-8369-4ce1-82ff-833b0483f4e3', '9ab80373-6829-4e51-9931-a3df93a1ff7c'),
('0b9a4505-659b-4a67-909f-fa712f5f9977', 'Aluno 98', 21, 4, 5, 6, 18, 10, 'a34ba272-4c5e-4a17-96b1-64c9bdc9e370', '7e8f2448-8a10-4445-9d45-a78931f57890'),
('2aba2ad5-20fd-477f-901f-741fc940de5d', 'Aluno 99', 18, 34, 4, 8, 10, 7, 'a34ba272-4c5e-4a17-96b1-64c9bdc9e370', '7e8f2448-8a10-4445-9d45-a78931f57890'),
('70103cc9-b052-4a65-b656-9a1fe1b4eda3', 'Aluno 100', 30, 50, 1, 9, 16, 1, 'a34ba272-4c5e-4a17-96b1-64c9bdc9e370', '7e8f2448-8a10-4445-9d45-a78931f57890'),
('560e0197-259e-485c-9226-ed2aea382afb', 'Aluno 120', 21, 53, 6, 7, 5, 0, 'a34ba272-4c5e-4a17-96b1-64c9bdc9e370', '7e8f2448-8a10-4445-9d45-a78931f57890'),
('bc94daac-8900-4ff7-993b-d4e1744815f5', 'Aluno 121', 21, 7, 4, 1, 16, 5, '38fe74bf-259f-47fd-a22f-0778eb8fb782', '3455c337-69e3-402c-af70-3c0d4595435a'),
('2c2e2435-ae5b-4268-8dc8-22c9638672cf', 'Aluno 122', 18, 17, 6, 0, 3, 0, '38fe74bf-259f-47fd-a22f-0778eb8fb782', '3455c337-69e3-402c-af70-3c0d4595435a'),
('f882f540-50ce-43b7-8a54-9b64bd77ae2c', 'Aluno 101', 18, 1, 6, 7, 17, 7, 'a34ba272-4c5e-4a17-96b1-64c9bdc9e370', '7e8f2448-8a10-4445-9d45-a78931f57890'),
('672effd6-d1d1-420a-8356-e2528a83e64d', 'Aluno 102', 25, 49, 6, 4, 4, 8, 'a34ba272-4c5e-4a17-96b1-64c9bdc9e370', '7e8f2448-8a10-4445-9d45-a78931f57890'),
('eadd28ac-17a4-47d0-90c6-7c45b5101323', 'Aluno 27', 20, 14, 3, 0, 1, 4, 'c6f20ee0-8369-4ce1-82ff-833b0483f4e3', '9ab80373-6829-4e51-9931-a3df93a1ff7c'),
('c99df39e-f533-4086-b30c-3c5c388d1603', 'Aluno 123', 26, 2, 1, 7, 11, 7, '38fe74bf-259f-47fd-a22f-0778eb8fb782', '3455c337-69e3-402c-af70-3c0d4595435a'),
('ed6efd7f-d4df-4467-aa52-0722f8313cb1', 'Aluno 124', 18, 0, 10, 9, 14, 10, '38fe74bf-259f-47fd-a22f-0778eb8fb782', '3455c337-69e3-402c-af70-3c0d4595435a'),
('9e66caba-4916-4103-8f67-a03c3911d185', 'Aluno 125', 23, 18, 9, 2, 7, 0, '38fe74bf-259f-47fd-a22f-0778eb8fb782', '3455c337-69e3-402c-af70-3c0d4595435a'),
('dbbfa1c1-df82-4292-8c70-4f79e8ca8791', 'Aluno 126', 19, 4, 5, 9, 11, 4, '38fe74bf-259f-47fd-a22f-0778eb8fb782', '3455c337-69e3-402c-af70-3c0d4595435a'),
('5cf1d0a6-1576-4eeb-8fc4-f10a0882296f', 'Aluno 127', 21, 7, 1, 9, 11, 4, '38fe74bf-259f-47fd-a22f-0778eb8fb782', '3455c337-69e3-402c-af70-3c0d4595435a'),
('db102aa0-dbeb-44e2-b4be-96dfa7a8b0ed', 'Aluno 128', 21, 7, 1, 1, 17, 5, '38fe74bf-259f-47fd-a22f-0778eb8fb782', '3455c337-69e3-402c-af70-3c0d4595435a'),
('f2e96dd0-5971-417b-ba24-db40953a4206', 'Aluno 28', 24, 17, 9, 6, 4, 5, 'c6f20ee0-8369-4ce1-82ff-833b0483f4e3', '9ab80373-6829-4e51-9931-a3df93a1ff7c'),
('8ad86213-70b0-4da3-aaa1-67c6b1346aba', 'Aluno 29', 18, 18, 6, 1, 0, 6, 'c6f20ee0-8369-4ce1-82ff-833b0483f4e3', '9ab80373-6829-4e51-9931-a3df93a1ff7c'),
('d8a202fd-24df-4216-9479-e99b33e20006', 'Aluno 30', 25, 20, 1, 9, 3, 7, 'c6f20ee0-8369-4ce1-82ff-833b0483f4e3', '9ab80373-6829-4e51-9931-a3df93a1ff7c'),
('7b0b462b-7186-4602-9b0c-3fe112222158', 'Aluno 31', 20, 26, 10, 8, 12, 7, '9a44bb21-6b9d-410f-8017-68eb6b4f54db', '6112a1c7-56ba-44e5-ad91-30e25566bdf3'),
('93a56e73-256e-4f15-bc5a-e9ff3faeef20', 'Aluno 32', 20, 2, 6, 1, 19, 4, '9a44bb21-6b9d-410f-8017-68eb6b4f54db', '6112a1c7-56ba-44e5-ad91-30e25566bdf3'),
('35cccffb-f8d7-47ef-9d26-12f86b4949b8', 'Aluno 1', 22, 10, 5, 2, 20, 8, 'c6f20ee0-8369-4ce1-82ff-833b0483f4e3', '9ab80373-6829-4e51-9931-a3df93a1ff7c'),
('3ca3c55c-c2e3-468d-bad6-d51310bf47c7', 'Aluno 158', 21, 1, 1, 10, 8, 4, '6bbd6bf9-f417-41c4-938e-a6aee9e9dedd', '0b05bff6-6252-4f82-8725-c8079cf84896'),
('4fd9137c-d6ff-4bc6-bffb-692d67eebd7e', 'Aluno 159', 27, 20, 0, 9, 18, 3, '6bbd6bf9-f417-41c4-938e-a6aee9e9dedd', '0b05bff6-6252-4f82-8725-c8079cf84896'),
('d00567d9-019a-435b-a2d5-fee65eca589c', 'Aluno 129', 19, 10, 3, 2, 16, 0, '38fe74bf-259f-47fd-a22f-0778eb8fb782', '3455c337-69e3-402c-af70-3c0d4595435a'),
('0f1c3422-9167-4437-8c40-cddda13d4526', 'Aluno 130', 19, 19, 5, 10, 12, 9, '38fe74bf-259f-47fd-a22f-0778eb8fb782', '3455c337-69e3-402c-af70-3c0d4595435a'),
('3b0e3555-a395-4ff3-8ce2-96a63f4e1286', 'Aluno 131', 25, 15, 0, 10, 11, 8, '38fe74bf-259f-47fd-a22f-0778eb8fb782', '3455c337-69e3-402c-af70-3c0d4595435a'),
('a398cb5c-89ab-4779-bb5e-9125db4a3780', 'Aluno 132', 27, 13, 6, 2, 3, 1, '38fe74bf-259f-47fd-a22f-0778eb8fb782', '3455c337-69e3-402c-af70-3c0d4595435a'),
('ec5d9c52-c408-4524-9374-64f2881361ef', 'Aluno 133', 29, 18, 4, 1, 15, 1, '38fe74bf-259f-47fd-a22f-0778eb8fb782', '3455c337-69e3-402c-af70-3c0d4595435a'),
('8b7cf589-3d64-4aea-8f34-53bf0621ee0b', 'Aluno 33', 18, 14, 5, 10, 0, 3, '9a44bb21-6b9d-410f-8017-68eb6b4f54db', '6112a1c7-56ba-44e5-ad91-30e25566bdf3'),
('d0be8a92-a7b3-4308-856f-423d07c80c96', 'Aluno 34', 21, 20, 3, 0, 6, 3, '9a44bb21-6b9d-410f-8017-68eb6b4f54db', '6112a1c7-56ba-44e5-ad91-30e25566bdf3'),
('ea8a8c43-e318-46b2-ac64-529179db75d0', 'Aluno 35', 27, 5, 3, 3, 10, 5, '9a44bb21-6b9d-410f-8017-68eb6b4f54db', '6112a1c7-56ba-44e5-ad91-30e25566bdf3'),
('c06f970e-1726-40f7-b81c-bd5073334fb8', 'Aluno 134', 30, 8, 1, 5, 5, 5, '38fe74bf-259f-47fd-a22f-0778eb8fb782', '3455c337-69e3-402c-af70-3c0d4595435a'),
('2b47c674-90e1-4d9c-ad35-9d411edbca3b', 'Aluno 135', 18, 21, 1, 9, 10, 5, '38fe74bf-259f-47fd-a22f-0778eb8fb782', '3455c337-69e3-402c-af70-3c0d4595435a'),
('bc020a72-508e-4175-aa0b-6a868c04b3ad', 'Aluno 136', 26, 14, 7, 6, 3, 9, '38fe74bf-259f-47fd-a22f-0778eb8fb782', '3455c337-69e3-402c-af70-3c0d4595435a'),
('6f914ffb-455b-4832-8d1e-bbf12bfddc34', 'Aluno 36', 21, 12, 1, 3, 15, 10, '9a44bb21-6b9d-410f-8017-68eb6b4f54db', '6112a1c7-56ba-44e5-ad91-30e25566bdf3'),
('bb0176f9-f622-4131-98f5-04dc9b044818', 'Aluno 37', 19, 11, 1, 2, 5, 2, '9a44bb21-6b9d-410f-8017-68eb6b4f54db', '6112a1c7-56ba-44e5-ad91-30e25566bdf3'),
('f4ae95df-e626-4142-bedc-7e611fea63c1', 'Aluno 38', 25, 19, 10, 1, 17, 4, '9a44bb21-6b9d-410f-8017-68eb6b4f54db', '6112a1c7-56ba-44e5-ad91-30e25566bdf3'),
('9b917a63-90e6-4227-a1cd-65cba5cb51c5', 'Aluno 142', 29, 22, 1, 2, 0, 7, '38fe74bf-259f-47fd-a22f-0778eb8fb782', '3455c337-69e3-402c-af70-3c0d4595435a'),
('4e78ae39-6e52-4f52-b459-11c65b8d581d', 'Aluno 143', 23, 22, 5, 3, 10, 6, '38fe74bf-259f-47fd-a22f-0778eb8fb782', '3455c337-69e3-402c-af70-3c0d4595435a'),
('295ef37b-ac5f-4ca8-bf4b-057eed0d0637', 'Aluno 144', 27, 7, 4, 10, 2, 4, '38fe74bf-259f-47fd-a22f-0778eb8fb782', '3455c337-69e3-402c-af70-3c0d4595435a'),
('90667d79-aa9d-4813-a079-a404df5ca230', 'Aluno 145', 18, 20, 3, 10, 2, 7, '38fe74bf-259f-47fd-a22f-0778eb8fb782', '3455c337-69e3-402c-af70-3c0d4595435a'),
('13c65307-292f-439d-b063-2a1aec0e0c68', 'Aluno 146', 18, 5, 2, 5, 15, 10, '38fe74bf-259f-47fd-a22f-0778eb8fb782', '3455c337-69e3-402c-af70-3c0d4595435a'),
('88662798-4112-4e1a-b7c7-e9e103bfa19e', 'Aluno 160', 22, 27, 1, 2, 14, 1, '6bbd6bf9-f417-41c4-938e-a6aee9e9dedd', '0b05bff6-6252-4f82-8725-c8079cf84896'),
('3d0d7059-861d-43b8-b83b-86c39c41c09b', 'Aluno 161', 21, 18, 7, 2, 0, 2, '6bbd6bf9-f417-41c4-938e-a6aee9e9dedd', '0b05bff6-6252-4f82-8725-c8079cf84896'),
('932a26b1-ab91-4939-a36f-af7de4d53072', 'Aluno 162', 22, 4, 5, 4, 9, 5, '6bbd6bf9-f417-41c4-938e-a6aee9e9dedd', '0b05bff6-6252-4f82-8725-c8079cf84896'),
('4533d8fe-cae2-4d4c-a3e9-5bb7c5e9b0a6', 'Aluno 163', 30, 30, 5, 10, 15, 8, '6bbd6bf9-f417-41c4-938e-a6aee9e9dedd', '0b05bff6-6252-4f82-8725-c8079cf84896'),
('64be0a64-9c12-430f-b555-b0944e542ac6', 'Aluno 164', 26, 23, 4, 9, 15, 5, '6bbd6bf9-f417-41c4-938e-a6aee9e9dedd', '0b05bff6-6252-4f82-8725-c8079cf84896'),
('7a01f82f-fba3-4d16-80b8-8082e08e4d8d', 'Aluno 165', 23, 6, 10, 8, 7, 2, '6bbd6bf9-f417-41c4-938e-a6aee9e9dedd', '0b05bff6-6252-4f82-8725-c8079cf84896'),
('1ff73efa-f9af-4d75-9b75-6262665e2d16', 'Aluno 166', 28, 29, 4, 2, 19, 7, '6bbd6bf9-f417-41c4-938e-a6aee9e9dedd', '0b05bff6-6252-4f82-8725-c8079cf84896'),
('b64e9f76-0d2e-4904-8cb8-4fac3629273d', 'Aluno 147', 26, 3, 9, 1, 3, 3, '38fe74bf-259f-47fd-a22f-0778eb8fb782', '3455c337-69e3-402c-af70-3c0d4595435a'),
('3a43c353-4c72-4bfb-a43f-d885769a59d3', 'Aluno 148', 28, 11, 9, 2, 4, 1, '38fe74bf-259f-47fd-a22f-0778eb8fb782', '3455c337-69e3-402c-af70-3c0d4595435a'),
('a27821b8-599b-4525-bcde-00c89f3a5a2f', 'Aluno 149', 25, 15, 7, 8, 12, 9, '38fe74bf-259f-47fd-a22f-0778eb8fb782', '3455c337-69e3-402c-af70-3c0d4595435a'),
('4fd20750-8093-490e-a90b-b5095155e5bd', 'Aluno 167', 29, 33, 8, 1, 15, 6, '6bbd6bf9-f417-41c4-938e-a6aee9e9dedd', '0b05bff6-6252-4f82-8725-c8079cf84896'),
('600143d2-7c6e-4946-b121-b8573727d72c', 'Aluno 168', 25, 12, 3, 5, 9, 1, '6bbd6bf9-f417-41c4-938e-a6aee9e9dedd', '0b05bff6-6252-4f82-8725-c8079cf84896'),
('260bea19-b4d0-4f59-b84e-cc4b8fee3d16', 'Aluno 169', 26, 4, 8, 6, 11, 1, '6bbd6bf9-f417-41c4-938e-a6aee9e9dedd', '0b05bff6-6252-4f82-8725-c8079cf84896'),
('d92b2163-c219-4cea-8886-5da60f2346df', 'Aluno 170', 27, 10, 5, 3, 9, 2, '6bbd6bf9-f417-41c4-938e-a6aee9e9dedd', '0b05bff6-6252-4f82-8725-c8079cf84896'),
('88a68b43-9328-46e2-8957-34bd37954510', 'Aluno 39', 24, 1, 10, 9, 8, 7, '9a44bb21-6b9d-410f-8017-68eb6b4f54db', '6112a1c7-56ba-44e5-ad91-30e25566bdf3'),
('6cd01ef3-6447-47ea-a226-5f0399e9daf7', 'Aluno 40', 22, 16, 9, 6, 14, 2, '9a44bb21-6b9d-410f-8017-68eb6b4f54db', '6112a1c7-56ba-44e5-ad91-30e25566bdf3'),
('87922530-f551-4b56-892e-e99f64fbec0b', 'Aluno 41', 22, 11, 9, 6, 18, 2, '9a44bb21-6b9d-410f-8017-68eb6b4f54db', '6112a1c7-56ba-44e5-ad91-30e25566bdf3'),
('e3f3bcad-09d6-40f7-be75-7941ca81453c', 'Aluno 171', 26, 13, 9, 9, 13, 3, '6bbd6bf9-f417-41c4-938e-a6aee9e9dedd', '0b05bff6-6252-4f82-8725-c8079cf84896'),
('a01246d0-5870-4b0f-ac55-6625edda1a32', 'Aluno 172', 25, 7, 9, 2, 18, 1, '6bbd6bf9-f417-41c4-938e-a6aee9e9dedd', '0b05bff6-6252-4f82-8725-c8079cf84896'),
('c62f4ad9-e480-42e6-ac01-067c3600f011', 'Aluno 173', 23, 31, 1, 10, 9, 5, '6bbd6bf9-f417-41c4-938e-a6aee9e9dedd', '0b05bff6-6252-4f82-8725-c8079cf84896'),
('effa2180-7b18-4c55-b03d-52fbcae70907', 'Aluno 9', 23, 51, 1, 6, 13, 7, 'c6f20ee0-8369-4ce1-82ff-833b0483f4e3', '9ab80373-6829-4e51-9931-a3df93a1ff7c'),
('3a3939f3-db8e-41bb-976f-4c9c2c99d508', 'Aluno 10', 28, 24, 4, 6, 3, 6, 'c6f20ee0-8369-4ce1-82ff-833b0483f4e3', '9ab80373-6829-4e51-9931-a3df93a1ff7c'),
('4e513c28-2d59-4f18-b14c-58fb78494130', 'Aluno 192', 20, 6, 8, 3, 1, 3, '6b18385a-ccb5-464c-b4f6-bc024e473a5f', '06d42ae9-531a-46a3-bf7a-c8fbc75dea0e'),
('1fb50c02-c969-4a55-a21c-52206e443420', 'Aluno 193', 29, 2, 4, 2, 6, 5, '6b18385a-ccb5-464c-b4f6-bc024e473a5f', '06d42ae9-531a-46a3-bf7a-c8fbc75dea0e'),
('f2802d9e-827a-4138-a602-eb3adc7c994e', 'Aluno 194', 19, 7, 5, 4, 1, 5, '6b18385a-ccb5-464c-b4f6-bc024e473a5f', '06d42ae9-531a-46a3-bf7a-c8fbc75dea0e'),
('b2876ec4-2872-4e70-82bf-c99c674f6805', 'Aluno 14', 25, 8, 5, 0, 16, 4, 'c6f20ee0-8369-4ce1-82ff-833b0483f4e3', '9ab80373-6829-4e51-9931-a3df93a1ff7c'),
('eaba7701-7b07-4377-b1e9-4bc506d39eed', 'Aluno 15', 25, 9, 1, 10, 16, 8, 'c6f20ee0-8369-4ce1-82ff-833b0483f4e3', '9ab80373-6829-4e51-9931-a3df93a1ff7c'),
('85948c8d-c559-47eb-a84a-41dcd1059864', 'Aluno 174', 19, 0, 5, 2, 12, 10, '6bbd6bf9-f417-41c4-938e-a6aee9e9dedd', '0b05bff6-6252-4f82-8725-c8079cf84896'),
('17f2dfde-dfaf-40fc-b590-f7bc7d20774c', 'Aluno 176', 20, 6, 9, 10, 9, 10, '6bbd6bf9-f417-41c4-938e-a6aee9e9dedd', '0b05bff6-6252-4f82-8725-c8079cf84896'),
('3f2316c1-cfc3-447d-b3cc-26dbd2e264ce', 'Aluno 177', 19, 26, 0, 2, 10, 6, '6bbd6bf9-f417-41c4-938e-a6aee9e9dedd', '0b05bff6-6252-4f82-8725-c8079cf84896'),
('f33be883-4fb9-4ec4-a7c0-f36fde4c9da5', 'Aluno 178', 27, 16, 1, 6, 14, 7, '6bbd6bf9-f417-41c4-938e-a6aee9e9dedd', '0b05bff6-6252-4f82-8725-c8079cf84896'),
('7dee3f51-7d61-4e97-a949-4b9ee21cc81d', 'Aluno 175', 23, 28, 10, 10, 17, 1, '6bbd6bf9-f417-41c4-938e-a6aee9e9dedd', '0b05bff6-6252-4f82-8725-c8079cf84896'),
('addb4e40-2cba-4082-b50b-c7bfe56b5f4a', 'Aluno 206', 20, 9, 3, 10, 8, 1, '6b18385a-ccb5-464c-b4f6-bc024e473a5f', '06d42ae9-531a-46a3-bf7a-c8fbc75dea0e'),
('378aa20e-754b-410b-904f-2b3e8917bea3', 'Aluno 207', 21, 7, 2, 4, 1, 5, '6b18385a-ccb5-464c-b4f6-bc024e473a5f', '06d42ae9-531a-46a3-bf7a-c8fbc75dea0e'),
('c404adb1-d20d-47b3-b821-4a76f8613afa', 'Aluno 179', 23, 17, 9, 4, 14, 3, '6bbd6bf9-f417-41c4-938e-a6aee9e9dedd', '0b05bff6-6252-4f82-8725-c8079cf84896'),
('4b74c0d3-6117-4195-bf4c-047599859c7b', 'Aluno 180', 30, 28, 0, 7, 9, 8, '6bbd6bf9-f417-41c4-938e-a6aee9e9dedd', '0b05bff6-6252-4f82-8725-c8079cf84896'),
('a260fe13-6ce8-46d0-af5c-a18fa9fa9301', 'Aluno 181', 23, 2, 1, 9, 20, 8, '6b18385a-ccb5-464c-b4f6-bc024e473a5f', '06d42ae9-531a-46a3-bf7a-c8fbc75dea0e'),
('05c9a894-25e2-4591-861b-d9db34e639f1', 'Aluno 182', 24, 4, 10, 8, 11, 7, '6b18385a-ccb5-464c-b4f6-bc024e473a5f', '06d42ae9-531a-46a3-bf7a-c8fbc75dea0e'),
('2a86eead-9152-4f42-9267-b63963ca5c46', 'Aluno 103', 24, 57, 0, 10, 10, 10, 'a34ba272-4c5e-4a17-96b1-64c9bdc9e370', '7e8f2448-8a10-4445-9d45-a78931f57890'),
('17ccd739-1535-4a12-b427-a1ccd29a07f4', 'Aluno 104', 27, 59, 3, 0, 16, 0, 'a34ba272-4c5e-4a17-96b1-64c9bdc9e370', '7e8f2448-8a10-4445-9d45-a78931f57890'),
('ff4d449c-e59d-4a9d-b0d8-2fa613c9136b', 'Aluno 105', 22, 58, 6, 0, 12, 2, 'a34ba272-4c5e-4a17-96b1-64c9bdc9e370', '7e8f2448-8a10-4445-9d45-a78931f57890'),
('56b9d660-4b84-4b4a-87b6-c74365a50beb', 'Aluno 106', 25, 47, 10, 1, 0, 5, 'a34ba272-4c5e-4a17-96b1-64c9bdc9e370', '7e8f2448-8a10-4445-9d45-a78931f57890'),
('ac2ef313-a8c5-43c5-a776-d6128de2c00e', 'Aluno 107', 22, 29, 4, 5, 16, 10, 'a34ba272-4c5e-4a17-96b1-64c9bdc9e370', '7e8f2448-8a10-4445-9d45-a78931f57890'),
('0a85a396-6872-4f0e-bf43-d7f6fed623a5', 'Aluno 16', 21, 46, 2, 9, 12, 10, 'c6f20ee0-8369-4ce1-82ff-833b0483f4e3', '9ab80373-6829-4e51-9931-a3df93a1ff7c'),
('2a9f76b2-02f6-4bfc-a418-98892144111f', 'Aluno 218', 18, 45, 7, 3, 14, 8, '95176290-dc3b-4041-b954-b8bca562894f', '99f324ab-e91e-4d80-a781-d05011170b56'),
('718ff355-64d6-45b5-b713-fe104e04d41b', 'Aluno 183', 23, 13, 2, 1, 1, 4, '6b18385a-ccb5-464c-b4f6-bc024e473a5f', '06d42ae9-531a-46a3-bf7a-c8fbc75dea0e'),
('8b7cf589-3d64-4aea-8f34-53bf0621ee02', 'Aluno 33', 18, 14, 5, 10, 0, 3, '9a44bb21-6b9d-410f-8017-68eb6b4f54db', '6112a1c7-56ba-44e5-ad91-30e25566bdf3'),
('8b7cf589-3d64-4aeera-8f34-53bf0621ee', 'Aluno 33', 18, 14, 5, 10, 0, 3, '9a44bb21-6b9d-410f-8017-68eb6b4f54db', '6112a1c7-56ba-44e5-ad91-30e25566bdf3'),
('d0be8a92-a7b3-4308-856f-4239d07c80c9', 'Aluno 34', 21, 20, 3, 0, 6, 3, '9a44bb21-6b9d-410f-8017-68eb6b4f54db', '6112a1c7-56ba-44e5-ad91-30e25566bdf3'),
('0f4a3eb4-8af2-40a3-b311-f5d879f4ef77', 'Aluno 244', 20, 38, 8, 0, 5, 4, '7e0851a0-dea2-4e07-b40f-7c003a0f344f', 'ce1929f9-db38-4c3e-ada5-b5e47f159ed0'),
('509e9efa-fbb9-4c56-948d-15a40f2442da', 'Aluno 245', 21, 36, 10, 0, 13, 5, '7e0851a0-dea2-4e07-b40f-7c003a0f344f', 'ce1929f9-db38-4c3e-ada5-b5e47f159ed0'),
('f8859c4c-18fd-4189-b55b-e1e8f021b427', 'Aluno 253', 21, 31, 5, 1, 10, 6, '7e0851a0-dea2-4e07-b40f-7c003a0f344f', 'ce1929f9-db38-4c3e-ada5-b5e47f159ed0'),
('2b4b5f77-e2e6-4b64-a407-5fb3c57273fc', 'Aluno 246', 29, 45, 9, 6, 1, 6, '7e0851a0-dea2-4e07-b40f-7c003a0f344f', 'ce1929f9-db38-4c3e-ada5-b5e47f159ed0'),
('a69e5932-0dea-4e1b-8b5f-93464c040fd9', 'Aluno 150', 28, 10, 7, 1, 17, 1, '38fe74bf-259f-47fd-a22f-0778eb8fb782', '3455c337-69e3-402c-af70-3c0d4595435a'),
('878094eb-e1da-4d48-999a-c4809647be11', 'Aluno 151', 26, 32, 7, 10, 20, 7, '6bbd6bf9-f417-41c4-938e-a6aee9e9dedd', '0b05bff6-6252-4f82-8725-c8079cf84896'),
('02316331-d411-4a61-b4d8-5681c7707d5e', 'Aluno 152', 23, 29, 3, 4, 14, 9, '6bbd6bf9-f417-41c4-938e-a6aee9e9dedd', '0b05bff6-6252-4f82-8725-c8079cf84896'),
('000cc48d-3de7-4ac5-96cc-713a25dc148e', 'Aluno 254', 27, 9, 1, 7, 15, 4, '7e0851a0-dea2-4e07-b40f-7c003a0f344f', 'ce1929f9-db38-4c3e-ada5-b5e47f159ed0'),
('045420fa-0a30-4e9d-ac47-98aa0cbf6cfe', 'Aluno 247', 18, 24, 7, 3, 12, 0, '7e0851a0-dea2-4e07-b40f-7c003a0f344f', 'ce1929f9-db38-4c3e-ada5-b5e47f159ed0'),
('35ab01a9-28d6-4abb-816e-8589979fbd53', 'Aluno 255', 27, 19, 4, 6, 7, 10, '7e0851a0-dea2-4e07-b40f-7c003a0f344f', 'ce1929f9-db38-4c3e-ada5-b5e47f159ed0'),
('13f068e8-34f8-4c37-b758-37e7bfef5d0f', 'Aluno 248', 30, 20, 4, 9, 7, 5, '7e0851a0-dea2-4e07-b40f-7c003a0f344f', 'ce1929f9-db38-4c3e-ada5-b5e47f159ed0'),
('8180bd8e-f046-4ae6-9737-80ef66753318', 'Aluno 256', 27, 11, 9, 7, 12, 1, '7e0851a0-dea2-4e07-b40f-7c003a0f344f', 'ce1929f9-db38-4c3e-ada5-b5e47f159ed0'),
('9d226504-9fa4-4d4d-b5d7-72344c464dd0', 'Aluno 153', 24, 13, 2, 7, 5, 1, '6bbd6bf9-f417-41c4-938e-a6aee9e9dedd', '0b05bff6-6252-4f82-8725-c8079cf84896'),
('416b4717-d0b8-4150-a844-cc398771185a', 'Aluno 154', 26, 15, 10, 3, 16, 3, '6bbd6bf9-f417-41c4-938e-a6aee9e9dedd', '0b05bff6-6252-4f82-8725-c8079cf84896'),
('078f51d0-89da-4111-aece-5fb8a1768af6', 'Aluno 155', 18, 8, 5, 4, 10, 6, '6bbd6bf9-f417-41c4-938e-a6aee9e9dedd', '0b05bff6-6252-4f82-8725-c8079cf84896'),
('65abcf93-aa69-48f7-866e-1bcead31c118', 'Aluno 156', 26, 3, 9, 9, 17, 4, '6bbd6bf9-f417-41c4-938e-a6aee9e9dedd', '0b05bff6-6252-4f82-8725-c8079cf84896'),
('3f84cc85-455f-47ba-acb8-4899f2f1f9db', 'Aluno 157', 20, 28, 2, 1, 4, 6, '6bbd6bf9-f417-41c4-938e-a6aee9e9dedd', '0b05bff6-6252-4f82-8725-c8079cf84896'),
('a37080ea-29a2-4f04-be93-ed641fc176a2', 'Aluno 257', 22, 6, 10, 3, 15, 4, '7e0851a0-dea2-4e07-b40f-7c003a0f344f', 'ce1929f9-db38-4c3e-ada5-b5e47f159ed0'),
('7e435f8f-2eea-4c72-89ca-c6ae6db065f8', 'Aluno 258', 19, 21, 5, 1, 1, 3, '7e0851a0-dea2-4e07-b40f-7c003a0f344f', 'ce1929f9-db38-4c3e-ada5-b5e47f159ed0'),
('629c0d3a-2ddb-41d2-9dc9-894dc2f46b67', 'Aluno 249', 19, 13, 6, 0, 20, 1, '7e0851a0-dea2-4e07-b40f-7c003a0f344f', 'ce1929f9-db38-4c3e-ada5-b5e47f159ed0'),
('0c9099b0-a55d-47c2-8e79-330d1a974701', 'Aluno 263', 26, 34, 5, 2, 1, 3, '7e0851a0-dea2-4e07-b40f-7c003a0f344f', 'ce1929f9-db38-4c3e-ada5-b5e47f159ed0'),
('9e6dd949-572e-4cf1-86e7-0489762234ed', 'Aluno 250', 24, 35, 5, 10, 3, 5, '7e0851a0-dea2-4e07-b40f-7c003a0f344f', 'ce1929f9-db38-4c3e-ada5-b5e47f159ed0'),
('ac6a2463-fd5f-41c4-a6c3-d2832f2965f8', 'Aluno 264', 28, 28, 10, 0, 7, 1, '7e0851a0-dea2-4e07-b40f-7c003a0f344f', 'ce1929f9-db38-4c3e-ada5-b5e47f159ed0'),
('bebb5bb7-0586-49c4-9adc-7783dd531cfd', 'Aluno 251', 18, 14, 9, 3, 13, 1, '7e0851a0-dea2-4e07-b40f-7c003a0f344f', 'ce1929f9-db38-4c3e-ada5-b5e47f159ed0'),
('c5501f02-6c99-4757-bea0-0ab1c59395ca', 'Aluno 265', 30, 44, 0, 5, 5, 9, '7e0851a0-dea2-4e07-b40f-7c003a0f344f', 'ce1929f9-db38-4c3e-ada5-b5e47f159ed0'),
('83f1b7e9-e6c1-4506-b9b1-3c75f09010c6', 'Aluno 252', 28, 22, 7, 10, 17, 6, '7e0851a0-dea2-4e07-b40f-7c003a0f344f', 'ce1929f9-db38-4c3e-ada5-b5e47f159ed0'),
('007c4c56-6d20-41f8-984c-acca39ec5182', 'Aluno 266', 28, 23, 3, 9, 6, 1, '7e0851a0-dea2-4e07-b40f-7c003a0f344f', 'ce1929f9-db38-4c3e-ada5-b5e47f159ed0'),
('5e0618d9-9b23-4980-b3f1-f4452713f743', 'Aluno 208', 20, 10, 10, 7, 17, 3, '6b18385a-ccb5-464c-b4f6-bc024e473a5f', '06d42ae9-531a-46a3-bf7a-c8fbc75dea0e'),
('27a0e284-0e76-44a8-b8e5-725bf2f64d30', 'Aluno 209', 29, 7, 10, 5, 1, 3, '6b18385a-ccb5-464c-b4f6-bc024e473a5f', '06d42ae9-531a-46a3-bf7a-c8fbc75dea0e'),
('27e2a59d-4181-4b09-8f45-38c71526d8b7', 'Aluno 210', 26, 2, 6, 4, 2, 10, '6b18385a-ccb5-464c-b4f6-bc024e473a5f', '06d42ae9-531a-46a3-bf7a-c8fbc75dea0e'),
('d2098115-97dc-45f5-af45-17f35188e0cb', 'Aluno 211', 19, 12, 4, 8, 8, 7, '95176290-dc3b-4041-b954-b8bca562894f', '99f324ab-e91e-4d80-a781-d05011170b56'),
('3ca9f26a-374a-4d99-ada6-d6328767c20f', 'Aluno 212', 18, 27, 7, 4, 14, 3, '95176290-dc3b-4041-b954-b8bca562894f', '99f324ab-e91e-4d80-a781-d05011170b56'),
('7e9350f4-bee5-4e18-814d-c9ee6e803555', 'Aluno 213', 23, 8, 6, 7, 2, 1, '95176290-dc3b-4041-b954-b8bca562894f', '99f324ab-e91e-4d80-a781-d05011170b56'),
('50baa9af-3c6f-45d9-a9e0-d8edf180fc4c', 'Aluno 214', 22, 61, 9, 4, 2, 10, '95176290-dc3b-4041-b954-b8bca562894f', '99f324ab-e91e-4d80-a781-d05011170b56'),
('116963d1-3941-4377-96ce-0030138f4628', 'Aluno 267', 19, 18, 2, 0, 15, 5, '7e0851a0-dea2-4e07-b40f-7c003a0f344f', 'ce1929f9-db38-4c3e-ada5-b5e47f159ed0'),
('f00c03a0-428c-42f1-9fa2-577693ff8661', 'Aluno 272', 21, 24, 3, 0, 11, 8, '0cf4df76-03c9-461c-8e45-0a4eba210c8f', '0a0ce615-e012-45a1-9f91-99bd3fc06c1d'),
('b1251c2d-2d12-4bcd-9c12-d0541d37f2f2', 'Aluno 268', 24, 28, 5, 10, 1, 7, '7e0851a0-dea2-4e07-b40f-7c003a0f344f', 'ce1929f9-db38-4c3e-ada5-b5e47f159ed0'),
('f4ea26ae-943e-4664-a343-f23d1c31971e', 'Aluno 273', 26, 69, 3, 5, 1, 2, '0cf4df76-03c9-461c-8e45-0a4eba210c8f', '0a0ce615-e012-45a1-9f91-99bd3fc06c1d'),
('46057bd2-0d5f-488c-9642-3f4c3de93f18', 'Aluno 269', 28, 19, 2, 5, 14, 6, '7e0851a0-dea2-4e07-b40f-7c003a0f344f', 'ce1929f9-db38-4c3e-ada5-b5e47f159ed0'),
('991b19e8-50ac-400d-ba16-91209d098c95', 'Aluno 274', 18, 79, 6, 7, 7, 8, '0cf4df76-03c9-461c-8e45-0a4eba210c8f', '0a0ce615-e012-45a1-9f91-99bd3fc06c1d'),
('e04580f0-4806-45e8-904c-18206713f000', 'Aluno 270', 24, 26, 8, 0, 11, 6, '7e0851a0-dea2-4e07-b40f-7c003a0f344f', 'ce1929f9-db38-4c3e-ada5-b5e47f159ed0'),
('369ded7d-bf04-4d12-a2c5-aa3ccbadeb36', 'Aluno 215', 29, 18, 2, 10, 1, 10, '95176290-dc3b-4041-b954-b8bca562894f', '99f324ab-e91e-4d80-a781-d05011170b56'),
('5cbe5e1b-0e98-48e7-8d91-2cf83dc0a745', 'Aluno 216', 27, 32, 9, 8, 18, 7, '95176290-dc3b-4041-b954-b8bca562894f', '99f324ab-e91e-4d80-a781-d05011170b56'),
('d3addd40-d342-490e-a5e1-1b194bc4a7ce', 'Aluno 217', 19, 57, 2, 7, 4, 8, '95176290-dc3b-4041-b954-b8bca562894f', '99f324ab-e91e-4d80-a781-d05011170b56'),
('24888055-8701-412d-8dcd-108a3ae66686', 'Aluno 275', 26, 28, 9, 9, 6, 3, '0cf4df76-03c9-461c-8e45-0a4eba210c8f', '0a0ce615-e012-45a1-9f91-99bd3fc06c1d'),
('142226f7-c928-4c2d-be26-8ac002815dc7', 'Aluno 271', 30, 43, 8, 2, 9, 3, '0cf4df76-03c9-461c-8e45-0a4eba210c8f', '0a0ce615-e012-45a1-9f91-99bd3fc06c1d'),
('e8ff8e40-c627-4410-93d4-8e35b93f5b8a', 'Aluno 280', 30, 43, 7, 6, 9, 0, '0cf4df76-03c9-461c-8e45-0a4eba210c8f', '0a0ce615-e012-45a1-9f91-99bd3fc06c1d'),
('c3d967fe-a8a6-41d4-8b86-ae3656deb086', 'Aluno 276', 25, 13, 10, 8, 17, 9, '0cf4df76-03c9-461c-8e45-0a4eba210c8f', '0a0ce615-e012-45a1-9f91-99bd3fc06c1d'),
('9b598636-1155-4123-a8a4-fc50f2f5f9cd', 'Aluno 277', 29, 71, 7, 8, 1, 6, '0cf4df76-03c9-461c-8e45-0a4eba210c8f', '0a0ce615-e012-45a1-9f91-99bd3fc06c1d'),
('09ce2c27-bcf6-40e4-848b-fa55673b32e2', 'Aluno 278', 22, 50, 2, 2, 18, 4, '0cf4df76-03c9-461c-8e45-0a4eba210c8f', '0a0ce615-e012-45a1-9f91-99bd3fc06c1d'),
('84ea1825-f278-4aad-b421-0b2a27ac3b40', 'Aluno 281', 26, 63, 8, 0, 1, 5, '0cf4df76-03c9-461c-8e45-0a4eba210c8f', '0a0ce615-e012-45a1-9f91-99bd3fc06c1d'),
('7cb4534f-f029-49a7-80d9-f863a7377f09', 'Aluno 284', 20, 25, 10, 5, 15, 1, '0cf4df76-03c9-461c-8e45-0a4eba210c8f', '0a0ce615-e012-45a1-9f91-99bd3fc06c1d'),
('21c85270-51b2-4938-8644-c9fcfa2e3c45', 'Aluno 282', 18, 11, 0, 7, 15, 8, '0cf4df76-03c9-461c-8e45-0a4eba210c8f', '0a0ce615-e012-45a1-9f91-99bd3fc06c1d'),
('064548f9-911e-4ba0-bc7b-9ce3b452417f', 'Aluno 279', 28, 31, 5, 8, 0, 5, '0cf4df76-03c9-461c-8e45-0a4eba210c8f', '0a0ce615-e012-45a1-9f91-99bd3fc06c1d'),
('9a2709f5-2919-428a-910b-0f96ced2d929', 'Aluno 286', 22, 55, 6, 2, 8, 8, '0cf4df76-03c9-461c-8e45-0a4eba210c8f', '0a0ce615-e012-45a1-9f91-99bd3fc06c1d'),
('c7ff53af-e6ba-4e93-b818-f511b616a0f7', 'Aluno 287', 21, 42, 1, 9, 4, 7, '0cf4df76-03c9-461c-8e45-0a4eba210c8f', '0a0ce615-e012-45a1-9f91-99bd3fc06c1d'),
('ee83ba62-709f-4e52-8607-469e5b60fd4e', 'Aluno 285', 24, 67, 4, 7, 4, 3, '0cf4df76-03c9-461c-8e45-0a4eba210c8f', '0a0ce615-e012-45a1-9f91-99bd3fc06c1d'),
('9dc2f6e8-47de-4d88-bb6e-18cadad60726', 'Aluno 283', 29, 45, 8, 4, 7, 5, '0cf4df76-03c9-461c-8e45-0a4eba210c8f', '0a0ce615-e012-45a1-9f91-99bd3fc06c1d'),
('585de7b9-f814-4529-b213-947f35fcd020', 'Aluno 290', 28, 68, 5, 5, 19, 5, '0cf4df76-03c9-461c-8e45-0a4eba210c8f', '0a0ce615-e012-45a1-9f91-99bd3fc06c1d'),
('b1704f51-4804-4139-a73a-e193bd340c58', 'Aluno 291', 21, 64, 8, 6, 19, 1, '0cf4df76-03c9-461c-8e45-0a4eba210c8f', '0a0ce615-e012-45a1-9f91-99bd3fc06c1d'),
('dc28daf1-2745-4353-bb84-670eb71d6752', 'Aluno 293', 25, 39, 0, 9, 16, 9, '0cf4df76-03c9-461c-8e45-0a4eba210c8f', '0a0ce615-e012-45a1-9f91-99bd3fc06c1d'),
('31b831aa-6a0f-49b4-a8a0-6971cb6d383a', 'Aluno 292', 30, 11, 1, 10, 11, 7, '0cf4df76-03c9-461c-8e45-0a4eba210c8f', '0a0ce615-e012-45a1-9f91-99bd3fc06c1d'),
('5e4560e3-2b78-46de-81e4-79adbf9c7880', 'Aluno 294', 24, 64, 6, 0, 18, 4, '0cf4df76-03c9-461c-8e45-0a4eba210c8f', '0a0ce615-e012-45a1-9f91-99bd3fc06c1d'),
('0d8db513-8953-4680-8758-b42a4f94dde8', 'Aluno 288', 26, 79, 0, 2, 3, 10, '0cf4df76-03c9-461c-8e45-0a4eba210c8f', '0a0ce615-e012-45a1-9f91-99bd3fc06c1d'),
('949e8ede-e9b3-466b-bbbd-10840fae723d', 'Aluno 259', 23, 43, 2, 7, 11, 8, '7e0851a0-dea2-4e07-b40f-7c003a0f344f', 'ce1929f9-db38-4c3e-ada5-b5e47f159ed0'),
('4fa3e60c-d854-430a-bd99-aea726006ebb', 'Aluno 260', 24, 45, 10, 0, 19, 6, '7e0851a0-dea2-4e07-b40f-7c003a0f344f', 'ce1929f9-db38-4c3e-ada5-b5e47f159ed0'),
('d7dfb2c0-02b3-439f-b692-62e5ac51f971', 'Aluno 295', 19, 33, 2, 3, 13, 10, '0cf4df76-03c9-461c-8e45-0a4eba210c8f', '0a0ce615-e012-45a1-9f91-99bd3fc06c1d'),
('1fc1b7b1-d6cf-43c8-b8e9-6127a2b9317c', 'Aluno 289', 29, 64, 10, 2, 0, 4, '0cf4df76-03c9-461c-8e45-0a4eba210c8f', '0a0ce615-e012-45a1-9f91-99bd3fc06c1d'),
('259043f0-d51d-429e-9ce0-a7653cae921f', 'Aluno 297', 18, 27, 4, 6, 12, 10, '0cf4df76-03c9-461c-8e45-0a4eba210c8f', '0a0ce615-e012-45a1-9f91-99bd3fc06c1d'),
('f96fdf09-1ae5-4032-a772-582d4e6647ce', 'Aluno 298', 24, 37, 8, 4, 1, 4, '0cf4df76-03c9-461c-8e45-0a4eba210c8f', '0a0ce615-e012-45a1-9f91-99bd3fc06c1d'),
('9b456cfe-7f3f-4642-ac7e-4975fda91471', 'Aluno 296', 26, 61, 3, 9, 11, 4, '0cf4df76-03c9-461c-8e45-0a4eba210c8f', '0a0ce615-e012-45a1-9f91-99bd3fc06c1d'),
('bf3821f5-b2c0-4ca7-b657-af01fc04ec08', 'Aluno 300', 19, 73, 2, 3, 12, 10, '0cf4df76-03c9-461c-8e45-0a4eba210c8f', '0a0ce615-e012-45a1-9f91-99bd3fc06c1d'),
('cfa5818d-8588-43ad-9be5-91dd25b61b50', 'Aluno 70', 28, 9, 7, 6, 3, 4, '98783136-9743-40fb-b4c7-b2f4ac44f555', '1f0acf90-10bd-4154-ac74-3c31a43b7b24'),
('d517eae6-667b-4125-8257-654c3cbfb47c', 'Aluno 299', 30, 78, 2, 2, 4, 3, '0cf4df76-03c9-461c-8e45-0a4eba210c8f', '0a0ce615-e012-45a1-9f91-99bd3fc06c1d'),
('51542e67-39e9-4129-be61-5741b9418e33', 'Aluno 110', 18, 52, 9, 9, 4, 6, 'a34ba272-4c5e-4a17-96b1-64c9bdc9e370', '7e8f2448-8a10-4445-9d45-a78931f57890'),
('a2275ca5-158c-4643-950a-7f1cbe4f2cb5', 'Aluno 109', 25, 7, 8, 5, 7, 5, 'a34ba272-4c5e-4a17-96b1-64c9bdc9e370', '7e8f2448-8a10-4445-9d45-a78931f57890'),
('829904ad-a451-49e3-ae9f-8795e7d061fb', 'Aluno 57', 27, 19, 2, 2, 4, 3, '9a44bb21-6b9d-410f-8017-68eb6b4f54db', '6112a1c7-56ba-44e5-ad91-30e25566bdf3'),
('9086c719-43a6-44f8-933f-672eaa816a27', 'Aluno 58', 30, 13, 8, 10, 9, 5, '9a44bb21-6b9d-410f-8017-68eb6b4f54db', '6112a1c7-56ba-44e5-ad91-30e25566bdf3'),
('37cda3b2-31de-4eb1-aa85-f2040c8d37ba', 'Aluno 59', 23, 21, 8, 8, 15, 7, '9a44bb21-6b9d-410f-8017-68eb6b4f54db', '6112a1c7-56ba-44e5-ad91-30e25566bdf3'),
('9ca285b9-3267-4b35-bf75-3dfdfa6dda0c', 'Aluno 262', 29, 6, 2, 1, 5, 8, '7e0851a0-dea2-4e07-b40f-7c003a0f344f', 'ce1929f9-db38-4c3e-ada5-b5e47f159ed0'),
('06c89f2a-41ad-45a1-bbab-fc6346673c50', 'Aluno 65', 22, 1, 8, 9, 10, 8, '98783136-9743-40fb-b4c7-b2f4ac44f555', '1f0acf90-10bd-4154-ac74-3c31a43b7b24'),
('522eaf9c-31a2-43ef-b79c-dd155a7c465e', 'Aluno 61', 29, 12, 9, 9, 6, 1, '98783136-9743-40fb-b4c7-b2f4ac44f555', '1f0acf90-10bd-4154-ac74-3c31a43b7b24'),
('234bfd0a-80c2-455d-85cd-ed65fcdb825d', 'Aluno 60', 26, 7, 4, 7, 4, 1, '9a44bb21-6b9d-410f-8017-68eb6b4f54db', '6112a1c7-56ba-44e5-ad91-30e25566bdf3'),
('3c4856bf-4250-4ec9-9b29-36ec38a4d034', 'Aluno 66', 25, 5, 3, 10, 9, 1, '98783136-9743-40fb-b4c7-b2f4ac44f555', '1f0acf90-10bd-4154-ac74-3c31a43b7b24'),
('f231c31a-2c85-415b-9181-47db7f9c4507', 'Aluno 67', 24, 18, 6, 6, 6, 1, '98783136-9743-40fb-b4c7-b2f4ac44f555', '1f0acf90-10bd-4154-ac74-3c31a43b7b24'),
('7936dfe5-b590-441b-a4f0-bc8572f9b088', 'Aluno 68', 19, 4, 3, 9, 18, 2, '98783136-9743-40fb-b4c7-b2f4ac44f555', '1f0acf90-10bd-4154-ac74-3c31a43b7b24'),
('94fd95f3-0c52-436d-bc25-fcc3a0c9d474', 'Aluno 69', 20, 9, 1, 9, 19, 4, '98783136-9743-40fb-b4c7-b2f4ac44f555', '1f0acf90-10bd-4154-ac74-3c31a43b7b24'),
('3de63937-5e59-41c1-9b9b-b27958417578', 'Aluno 63', 21, 10, 8, 5, 18, 4, '98783136-9743-40fb-b4c7-b2f4ac44f555', '1f0acf90-10bd-4154-ac74-3c31a43b7b24'),
('30a3866d-6985-480c-acff-a103cd3cd249', 'Aluno 64', 28, 14, 1, 3, 12, 7, '98783136-9743-40fb-b4c7-b2f4ac44f555', '1f0acf90-10bd-4154-ac74-3c31a43b7b24'),
('c32a4e49-f401-4d50-9e86-8a7a8cd4c746', 'Aluno 225', 20, 28, 1, 0, 16, 6, '95176290-dc3b-4041-b954-b8bca562894f', '99f324ab-e91e-4d80-a781-d05011170b56'),
('e5567c5e-4ec6-47ad-8520-f64454cea68c', 'Aluno 223', 23, 44, 0, 4, 3, 1, '95176290-dc3b-4041-b954-b8bca562894f', '99f324ab-e91e-4d80-a781-d05011170b56'),
('65d85ea6-a002-4e9e-9605-c632abb13401', 'Aluno 224', 27, 9, 8, 4, 18, 2, '95176290-dc3b-4041-b954-b8bca562894f', '99f324ab-e91e-4d80-a781-d05011170b56'),
('7cf52282-b766-4794-b19e-d9c3982b80e4', 'Aluno 77', 27, 8, 8, 10, 15, 9, '98783136-9743-40fb-b4c7-b2f4ac44f555', '1f0acf90-10bd-4154-ac74-3c31a43b7b24'),
('39cbba9a-6ba5-4a1c-a15d-66413043cb39', 'Aluno 71', 23, 4, 8, 4, 3, 3, '98783136-9743-40fb-b4c7-b2f4ac44f555', '1f0acf90-10bd-4154-ac74-3c31a43b7b24'),
('3752c9b5-7cc8-4dd2-a471-dcda22f5dfd7', 'Aluno 72', 25, 19, 9, 2, 9, 9, '98783136-9743-40fb-b4c7-b2f4ac44f555', '1f0acf90-10bd-4154-ac74-3c31a43b7b24'),
('99fdc670-be80-4877-9a0c-e1ae0bc4cc39', 'Aluno 73', 21, 15, 10, 10, 6, 5, '98783136-9743-40fb-b4c7-b2f4ac44f555', '1f0acf90-10bd-4154-ac74-3c31a43b7b24'),
('529bf307-1f9a-44e5-8700-9509a837241b', 'Aluno 74', 28, 3, 3, 2, 19, 3, '98783136-9743-40fb-b4c7-b2f4ac44f555', '1f0acf90-10bd-4154-ac74-3c31a43b7b24'),
('22576e42-cdac-4da0-9e3d-403bdf1f56e3', 'Aluno 75', 24, 20, 1, 3, 3, 5, '98783136-9743-40fb-b4c7-b2f4ac44f555', '1f0acf90-10bd-4154-ac74-3c31a43b7b24'),
('8ec5b73b-586d-4134-9461-f80be6d438a9', 'Aluno 76', 22, 12, 1, 3, 2, 10, '98783136-9743-40fb-b4c7-b2f4ac44f555', '1f0acf90-10bd-4154-ac74-3c31a43b7b24'),
('62190215-e340-47b8-bca9-ef64f164d0ab', 'Aluno 47', 28, 9, 2, 4, 3, 8, '9a44bb21-6b9d-410f-8017-68eb6b4f54db', '6112a1c7-56ba-44e5-ad91-30e25566bdf3'),
('7d613435-e0d2-4da8-bf88-3efee8cdd2f0', 'Aluno 43', 27, 23, 1, 8, 2, 3, '9a44bb21-6b9d-410f-8017-68eb6b4f54db', '6112a1c7-56ba-44e5-ad91-30e25566bdf3'),
('9f707fe9-f371-4bc9-bfdc-5ce024407a45', 'Aluno 44', 24, 23, 10, 6, 7, 3, '9a44bb21-6b9d-410f-8017-68eb6b4f54db', '6112a1c7-56ba-44e5-ad91-30e25566bdf3'),
('7b8d37fa-463b-42de-98a6-9e107afe90c4', 'Aluno 45', 19, 19, 2, 3, 18, 2, '9a44bb21-6b9d-410f-8017-68eb6b4f54db', '6112a1c7-56ba-44e5-ad91-30e25566bdf3'),
('c4217e94-c6fc-40fa-891e-96031b4bd80e', 'Aluno 46', 28, 9, 1, 6, 9, 5, '9a44bb21-6b9d-410f-8017-68eb6b4f54db', '6112a1c7-56ba-44e5-ad91-30e25566bdf3'),
('51279c62-3207-4acc-8ced-566e59e307a8', 'Aluno 200', 25, 12, 8, 2, 18, 3, '6b18385a-ccb5-464c-b4f6-bc024e473a5f', '06d42ae9-531a-46a3-bf7a-c8fbc75dea0e'),
('71129134-66c2-4fe8-83bf-332ec7040732', 'Aluno 42', 25, 26, 3, 7, 4, 0, '9a44bb21-6b9d-410f-8017-68eb6b4f54db', '6112a1c7-56ba-44e5-ad91-30e25566bdf3'),
('58110b09-47bf-4ebf-b2d0-a264e80c55d2', 'Aluno 48', 19, 1, 7, 9, 5, 5, '9a44bb21-6b9d-410f-8017-68eb6b4f54db', '6112a1c7-56ba-44e5-ad91-30e25566bdf3'),
('5655f04a-7792-4af9-8871-1b07ed073bae', 'Aluno 49', 19, 24, 1, 10, 18, 1, '9a44bb21-6b9d-410f-8017-68eb6b4f54db', '6112a1c7-56ba-44e5-ad91-30e25566bdf3'),
('e14ad95d-05b0-4368-9b9a-0f1b3cf9d287', 'Aluno 50', 30, 2, 6, 7, 12, 2, '9a44bb21-6b9d-410f-8017-68eb6b4f54db', '6112a1c7-56ba-44e5-ad91-30e25566bdf3'),
('0d6f8550-2e96-409b-9f9a-e732510f822f', 'Aluno 51', 29, 2, 9, 3, 5, 10, '9a44bb21-6b9d-410f-8017-68eb6b4f54db', '6112a1c7-56ba-44e5-ad91-30e25566bdf3'),
('55e39bf7-dfad-4456-8d2e-8742187baea6', 'Aluno 52', 22, 20, 4, 9, 15, 1, '9a44bb21-6b9d-410f-8017-68eb6b4f54db', '6112a1c7-56ba-44e5-ad91-30e25566bdf3'),
('a68925ae-1d9f-4339-9b78-716d8f1fd89e', 'Aluno 111', 25, 18, 5, 3, 10, 6, 'a34ba272-4c5e-4a17-96b1-64c9bdc9e370', '7e8f2448-8a10-4445-9d45-a78931f57890'),
('de224dea-9acb-4e3d-a7e1-2bc2e0e20a26', 'Aluno 198', 22, 9, 4, 9, 18, 1, '6b18385a-ccb5-464c-b4f6-bc024e473a5f', '06d42ae9-531a-46a3-bf7a-c8fbc75dea0e'),
('f0273656-c800-4e15-b39b-0970fa2851a8', 'Aluno 197', 26, 9, 6, 3, 15, 2, '6b18385a-ccb5-464c-b4f6-bc024e473a5f', '06d42ae9-531a-46a3-bf7a-c8fbc75dea0e'),
('85542233-cda8-4aae-93dd-14b3ac9213c2', 'Aluno 227', 22, 47, 5, 1, 2, 5, '95176290-dc3b-4041-b954-b8bca562894f', '99f324ab-e91e-4d80-a781-d05011170b56'),
('b01dd3e6-7784-4b7d-a2b4-2cbaea6be2a0', 'Aluno 226', 28, 7, 7, 2, 3, 5, '95176290-dc3b-4041-b954-b8bca562894f', '99f324ab-e91e-4d80-a781-d05011170b56'),
('89f3c8f5-6452-4526-8424-bc3dd4aafd51', 'Aluno 228', 21, 4, 10, 10, 16, 10, '95176290-dc3b-4041-b954-b8bca562894f', '99f324ab-e91e-4d80-a781-d05011170b56'),
('29ec989f-4db7-4d32-9b62-3eaa7e518c71', 'Aluno 81', 21, 2, 5, 2, 14, 3, '98783136-9743-40fb-b4c7-b2f4ac44f555', '1f0acf90-10bd-4154-ac74-3c31a43b7b24'),
('9f24e82e-4973-432a-a266-28f575f0f7e7', 'Aluno 78', 18, 4, 3, 0, 15, 4, '98783136-9743-40fb-b4c7-b2f4ac44f555', '1f0acf90-10bd-4154-ac74-3c31a43b7b24'),
('1dd2f421-f302-433f-89f8-1452631b077c', 'Aluno 79', 27, 13, 5, 1, 6, 2, '98783136-9743-40fb-b4c7-b2f4ac44f555', '1f0acf90-10bd-4154-ac74-3c31a43b7b24'),
('ad2f947c-c777-4544-b2e9-aea9c30ca3d0', 'Aluno 80', 19, 7, 5, 2, 9, 10, '98783136-9743-40fb-b4c7-b2f4ac44f555', '1f0acf90-10bd-4154-ac74-3c31a43b7b24'),
('eab3f09b-f0a3-4920-9598-5bff1d9d7a8b', 'Aluno 112', 22, 18, 8, 6, 5, 4, 'a34ba272-4c5e-4a17-96b1-64c9bdc9e370', '7e8f2448-8a10-4445-9d45-a78931f57890'),
('f0104646-a21f-423c-9879-e558779dd590', 'Aluno 196', 24, 3, 4, 5, 10, 3, '6b18385a-ccb5-464c-b4f6-bc024e473a5f', '06d42ae9-531a-46a3-bf7a-c8fbc75dea0e'),
('152a7884-296c-46a7-81de-cef27e15faba', 'Aluno 203', 24, 10, 2, 3, 4, 1, '6b18385a-ccb5-464c-b4f6-bc024e473a5f', '06d42ae9-531a-46a3-bf7a-c8fbc75dea0e'),
('f68de349-6dbf-4893-9c70-d663c0a9c381', 'Aluno 201', 23, 7, 9, 10, 5, 3, '6b18385a-ccb5-464c-b4f6-bc024e473a5f', '06d42ae9-531a-46a3-bf7a-c8fbc75dea0e'),
('2171c27c-2b57-4440-8675-6b808d0288d7', 'Aluno 199', 27, 1, 10, 7, 6, 10, '6b18385a-ccb5-464c-b4f6-bc024e473a5f', '06d42ae9-531a-46a3-bf7a-c8fbc75dea0e'),
('c6526c5c-b86f-4be7-a990-4357ce182aaa', 'Aluno 204', 23, 10, 10, 1, 15, 8, '6b18385a-ccb5-464c-b4f6-bc024e473a5f', '06d42ae9-531a-46a3-bf7a-c8fbc75dea0e'),
('740838f3-2ef9-4b3a-92b0-4c4e63efa644', 'Aluno 83', 18, 9, 5, 6, 9, 5, '98783136-9743-40fb-b4c7-b2f4ac44f555', '1f0acf90-10bd-4154-ac74-3c31a43b7b24'),
('c2c80da7-ec70-4149-b375-0e4318576099', 'Aluno 202', 20, 8, 6, 1, 2, 2, '6b18385a-ccb5-464c-b4f6-bc024e473a5f', '06d42ae9-531a-46a3-bf7a-c8fbc75dea0e'),
('e1711246-c90c-4e8b-992f-41f2aac7164e', 'Aluno 205', 19, 14, 5, 5, 18, 6, '6b18385a-ccb5-464c-b4f6-bc024e473a5f', '06d42ae9-531a-46a3-bf7a-c8fbc75dea0e'),
('4550b8b5-ad01-491a-a428-6df9b2853033', 'Aluno 84', 30, 16, 10, 5, 20, 1, '98783136-9743-40fb-b4c7-b2f4ac44f555', '1f0acf90-10bd-4154-ac74-3c31a43b7b24'),
('053292cc-ec23-434f-a21e-f4e8fd1f6357', 'Aluno 82', 21, 20, 5, 2, 10, 2, '98783136-9743-40fb-b4c7-b2f4ac44f555', '1f0acf90-10bd-4154-ac74-3c31a43b7b24'),
('505376b0-f0e5-4b62-9495-26c3dbcca4ad', 'Aluno 108', 21, 34, 10, 9, 10, 7, 'a34ba272-4c5e-4a17-96b1-64c9bdc9e370', '7e8f2448-8a10-4445-9d45-a78931f57890'),
('37975a13-6790-47fb-8133-9a2749211440', 'Aluno 62', 28, 7, 1, 4, 8, 8, '98783136-9743-40fb-b4c7-b2f4ac44f555', '1f0acf90-10bd-4154-ac74-3c31a43b7b24'),
('c7198da8-5e95-45a2-98e0-335d21198780', 'Aluno 222', 26, 7, 6, 10, 11, 5, '95176290-dc3b-4041-b954-b8bca562894f', '99f324ab-e91e-4d80-a781-d05011170b56'),
('93817979-9d8e-48d3-a8e0-152d92e13b86', 'Aluno 195', 28, 4, 5, 0, 4, 6, '6b18385a-ccb5-464c-b4f6-bc024e473a5f', '06d42ae9-531a-46a3-bf7a-c8fbc75dea0e'),
('291633da-24e6-4a87-aa6e-2b35ac7071b0', 'Aluno 261', 22, 20, 10, 3, 3, 4, '7e0851a0-dea2-4e07-b40f-7c003a0f344f', 'ce1929f9-db38-4c3e-ada5-b5e47f159ed0'),
('acb2d115-3110-4ab4-afa3-d1c73a65947e', 'Aluno 56', 22, 3, 9, 10, 7, 4, '9a44bb21-6b9d-410f-8017-68eb6b4f54db', '6112a1c7-56ba-44e5-ad91-30e25566bdf3');

-- --------------------------------------------------------

--
-- Estrutura para tabela `disciplina`
--

DROP TABLE IF EXISTS `disciplina`;
CREATE TABLE IF NOT EXISTS `disciplina` (
  `id` varchar(36) NOT NULL,
  `nome` varchar(100) NOT NULL,
  `quantidadeAulas` int NOT NULL,
  PRIMARY KEY (`id`),
  UNIQUE KEY `disciplina_id_key` (`id`)
) ENGINE=MyISAM DEFAULT CHARSET=utf8mb4 COLLATE=utf8mb4_0900_ai_ci;

--
-- Despejando dados para a tabela `disciplina`
--

INSERT INTO `disciplina` (`id`, `nome`, `quantidadeAulas`) VALUES
('7e8f2448-8a10-4445-9d45-a78931f57890', 'Arquitetura de Computadores', 60),
('ce1929f9-db38-4c3e-ada5-b5e47f159ed0', 'Banco de Dados II', 45),
('0a0ce615-e012-45a1-9f91-99bd3fc06c1d', 'Redes', 80),
('6112a1c7-56ba-44e5-ad91-30e25566bdf3', 'Programação Orientada a Objetos II', 30),
('0b05bff6-6252-4f82-8725-c8079cf84896', 'Análise Orientada a Objetos I', 33),
('9ab80373-6829-4e51-9931-a3df93a1ff7c', 'Programação Orientada a Objetos I', 55),
('3455c337-69e3-402c-af70-3c0d4595435a', 'Matemática', 24),
('99f324ab-e91e-4d80-a781-d05011170b56', 'Banco de Dados I', 65),
('1f0acf90-10bd-4154-ac74-3c31a43b7b24', 'Introdução à Computação', 20),
('06d42ae9-531a-46a3-bf7a-c8fbc75dea0e', 'Análise Orientada a Objetos II', 15);

-- --------------------------------------------------------

--
-- Estrutura para tabela `semestre`
--

DROP TABLE IF EXISTS `semestre`;
CREATE TABLE IF NOT EXISTS `semestre` (
  `id` varchar(36) NOT NULL,
  `periodo` varchar(20) NOT NULL,
  `ano` int NOT NULL,
  PRIMARY KEY (`id`),
  UNIQUE KEY `semestre_id_key` (`id`)
) ENGINE=MyISAM DEFAULT CHARSET=utf8mb4 COLLATE=utf8mb4_0900_ai_ci;

--
-- Despejando dados para a tabela `semestre`
--

INSERT INTO `semestre` (`id`, `periodo`, `ano`) VALUES
('6b18385a-ccb5-464c-b4f6-bc024e473a5f', '2º Semestre', 2024),
('a34ba272-4c5e-4a17-96b1-64c9bdc9e370', '4º Semestre', 2023),
('9a44bb21-6b9d-410f-8017-68eb6b4f54db', '2º Semestre', 2023),
('38fe74bf-259f-47fd-a22f-0778eb8fb782', '5º Semestre', 2023),
('0cf4df76-03c9-461c-8e45-0a4eba210c8f', '5º Semestre', 2024),
('7e0851a0-dea2-4e07-b40f-7c003a0f344f', '4º Semestre', 2024),
('98783136-9743-40fb-b4c7-b2f4ac44f555', '3º Semestre', 2023),
('95176290-dc3b-4041-b954-b8bca562894f', '3º Semestre', 2024),
('6bbd6bf9-f417-41c4-938e-a6aee9e9dedd', '1º Semestre', 2024),
('c6f20ee0-8369-4ce1-82ff-833b0483f4e3', '1º Semestre', 2023);

-- --------------------------------------------------------

--
-- Estrutura para tabela `_prisma_migrations`
--

DROP TABLE IF EXISTS `_prisma_migrations`;
CREATE TABLE IF NOT EXISTS `_prisma_migrations` (
  `id` varchar(36) NOT NULL,
  `checksum` varchar(100) NOT NULL,
  `finished_at` datetime DEFAULT NULL,
  `migration_name` varchar(100) NOT NULL,
  `logs` text,
  `rolled_back_at` datetime DEFAULT NULL,
  `started_at` datetime NOT NULL DEFAULT CURRENT_TIMESTAMP,
  `applied_steps_count` int UNSIGNED NOT NULL DEFAULT '0',
  PRIMARY KEY (`id`)
) ENGINE=MyISAM DEFAULT CHARSET=utf8mb4 COLLATE=utf8mb4_0900_ai_ci;

--
-- Despejando dados para a tabela `_prisma_migrations`
--

INSERT INTO `_prisma_migrations` (`id`, `checksum`, `finished_at`, `migration_name`, `logs`, `rolled_back_at`, `started_at`, `applied_steps_count`) VALUES
('e2bf879f-bbef-4e2a-9cf2-1e7f0a23c81d', '44355bbd50c1faa1c4a67e975a811019a87d8706bfa7817b07ca834450d528c2', '2024-10-28 07:00:29', '20241028070029_create_tables', NULL, NULL, '2024-10-28 07:00:29', 1);
COMMIT;

/*!40101 SET CHARACTER_SET_CLIENT=@OLD_CHARACTER_SET_CLIENT */;
/*!40101 SET CHARACTER_SET_RESULTS=@OLD_CHARACTER_SET_RESULTS */;
/*!40101 SET COLLATION_CONNECTION=@OLD_COLLATION_CONNECTION */;
